"id";"nome_completo"
65931835203045;Kelson Romulo Teixeira Aires
770343284012942;Francisco José da Silva e Silva
1512846862093142;Carlos de Salles Soares Neto
1531971102610447;Samyr Beliche Vale
2263553634422386;Ricardo de Andrade Lira Rabêlo
2352727269839328;Tiago Bonini Borchartt
2446301582459104;Aristófanes Corrêa Silva
2634254790193199;Rodrigo de Melo Souza Veras
3452982259415951;Pedro de Alcantara dos Santos Neto
4545154317245176;André Castelo Branco Soares
4754106250302979;Daniel Lima Gomes Júnior
5012476998883237;Ariel Soares Teles
5225588855422632;Alexandre César Muniz de Oliveira
5523293886612004;Omar Andres Carmona Cortes
5875678751294224;João Carlos de Oliveira Souza
5892952730297435;Jose Valdemir dos Reis Junior
5901564732655853;Luciano Reis Coutinho
5971556358191272;Andre Macedo Santana
6047330108382641;João Dallyson Sousa de Almeida
6446831084215512;Anselmo Cardoso de Paiva
8041675571955870;Areolino de Almeida Neto
8287861610873629;Geraldo Braz Júnior
8534667641706692;Luis Jorge Enrique Rivero Cabrejos
9032198192954149;Paulo Sergio Marques dos Santos
9297257833779277;Davi Viana dos Santos
9385561556243194;Vinicius Ponte Machado
9936034232663152;Joao Xavier da Cruz Neto
9943003955628885;Mário Antonio Meireles Teixeira
